loss_name,pic_name,answers,meteor_socres
CE,airplane_0000.jpg,"['A large jet airplane parked on a runway.', 'A large airplane sitting on top of a dirt road.', 'A large statue of a bear on a dirt road.']","[1, 0.4635, 0.4043]"
CE,airplane_0001.jpg,"['A large airplane flying in the sky with a large propeller airplane in the background.', 'A red and white fire hydrant sitting on top of a snow covered ground.']","[1, 0.1985]"
CE,airplane_0002.jpg,"['A small airplane sitting on top of a field.', 'A plane is parked on the runway with a man on it.', 'A group of people standing around a boat with a flag on it.']","[1, 0.1942, 0.2404]"
CE,airplane_0003.jpg,"['A large passenger jet parked on a runway.', 'A large white airplane parked in a field.', 'A large white and blue plane parked in a field.', 'A cat sitting on top of a wooden bench.']","[1, 0.4133, 0.4043, 0.2198]"
CE,airplane_0008.jpg,"['A large passenger jet parked on the runway.', 'A large passenger jet parked on the side of the road.', 'A cow standing on a street next to a building.']","[1, 0.8375, 0.163]"
CE,airplane_0009.jpg,"['A large passenger jet flying through a cloudy sky.', 'A plane is parked on a runway with a man standing on it.', 'A man is sitting on a wooden table with a pair of scissors.']","[1, 0.1442, 0.1442]"
CE,airplane_0014.jpg,"['A large passenger jet flying through the sky.', 'A large airplane sitting on top of a runway.', 'A large metal object sitting on top of a wall.']","[1, 0.1648, 0.163]"
CE,airplane_0015.jpg,"['A large passenger jet sitting on top of a runway.', 'A large passenger jet parked on a runway.', 'A large passenger jet parked on a runway.', 'A large white truck parked in front of a building.']","[1, 0.7212, 0.7212, 0.4055]"
CE,airplane_0016.jpg,"['A large passenger jet parked on a runway.', 'A large passenger jet parked at an airport.', 'A large passenger jet parked on a runway near a building.', 'A large white and blue sign on a building.']","[1, 0.625, 0.8848, 0.4901]"
CE,airplane_0017.jpg,"['A large passenger jet sitting on top of a runway.', 'A large passenger jet parked at an airport.', 'A plane is parked at the airport with a large amount of luggage.', 'A woman standing next to a tree with a sign on it.']","[1, 0.413, 0.2212, 0.1786]"
CE,airplane_0020.jpg,"['A large airplane sitting on top of a field.', 'A large jetliner parked on a runway.', 'A group of military aircraft parked in a hangar.']","[1, 0.3796, 0.2]"
CE,airplane_0021.jpg,"['A large airplane sitting on top of a runway.', 'A pair of scissors on a white surface.']","[1, 0.2525]"
CE,airplane_0022.jpg,"['A man standing next to a plane on a runway.', 'A banana is sitting on a banana peel.']","[1, 0.2922]"
CE,airplane_0023.jpg,"['A large airplane parked in a field with a large building in the background.', 'A plane is parked on a dirt ground.', 'A group of four propeller airplanes parked on a beach.', 'A row of row of row of chairs on a beach.']","[1, 0.2583, 0.2548, 0.102]"
CE,airplane_0028.jpg,"['A large airplane parked on a runway with a large group of people standing around it.', 'A large propeller airplane sitting on top of a dirt field.', 'A large propeller airplane sitting on top of a dirt ground.', ""A horse with a black and white stripe on it's face.""]","[1, 0.2121, 0.2121, 0.2569]"
CE,airplane_0029.jpg,"['A large passenger jet parked on a runway.', 'A dog is standing in a field with a large bird.']","[1, 0.2151]"
CE,airplane_0034.jpg,"['A large jet airplane parked on a runway.', 'A large white airplane flying through the air.', 'A cow standing in a field with a large horned animal.']","[1, 0.2222, 0.2151]"
CE,airplane_0035.jpg,"['A large jet airplane flying in the sky.', 'A large airplane sitting on top of a pile of dirt.', 'A bed with a bed with a bed with a bed with a bed with a bed with a']","[1, 0.2151, 0.05]"
CE,airplane_0036.jpg,"['A large jet airplane flying in the sky.', 'A group of horses standing on top of a hill.']","[1, 0.1087]"
CE,airplane_0037.jpg,"['A large airplane parked on a runway with a large amount of smoke coming out of it.', 'A plane is parked on the runway with a man standing on it.', 'A man standing next to a plane on a dirt road.', 'A cow standing next to a horse in a field.']","[1, 0.3991, 0.1437, 0.1156]"
CE,airplane_0044.jpg,"['A large airplane sitting on top of a mountain.', 'A large jet airplane parked on a runway.', 'A group of horses standing on a field.']","[1, 0.4307, 0.2525]"
CE,airplane_0045.jpg,"['A large passenger jet parked on a runway.', 'A group of people sitting on a beach with a boat.']","[1, 0.2151]"
CE,airplane_0046.jpg,"['A large passenger jet parked on a runway.', 'A large passenger jet parked on a runway next to a building.', 'A row of parked cars parked next to a tree.']","[1, 0.8754, 0.2174]"
CE,airplane_0047.jpg,"['A large airplane sitting on top of a grass covered field.', 'A large jet airplane parked on the runway.', 'A large white and blue plane parked on the street.', 'A street sign on a street with a car on the road.']","[1, 0.2137, 0.1681, 0.1653]"
CE,airplane_0050.jpg,"['A large plane flying in a blue sky.', 'A large brown bear sitting on top of a wooden table.']","[1, 0.3394]"
CE,airplane_0051.jpg,"['A large passenger jet parked at an airport.', 'A large bird sitting on top of a plane.', 'A group of birds standing on top of a dirt ground.']","[1, 0.1648, 0.1075]"
CE,airplane_0052.jpg,"['A large passenger jet sitting on the tarmac.', 'A large passenger jet parked on a runway.', 'A large airplane parked on a runway with a large amount of luggage.', 'A wooden table with a wooden floor and a wooden floor.']","[1, 0.5679, 0.3322, 0.1075]"
CE,airplane_0058.jpg,"['A large passenger jet parked at an airport.', 'A large airplane sitting on top of a runway.', 'A plane flying in the sky with a flag on it.', 'A bird sitting on top of a metal pole.']","[1, 0.1648, 0.1075, 0.1099]"
CE,airplane_0059.jpg,"['A large passenger jet parked at an airport.', 'A large passenger plane parked on the side of the road.', 'A bench with a wooden bench next to a wooden fence.']","[1, 0.4796, 0.1075]"
CE,airplane_0064.jpg,"['A large passenger jet sitting on top of a runway.', 'A man sitting on a bench with a surfboard.']","[1, 0.3413]"
CE,airplane_0066.jpg,"['A large passenger jet parked at an airport.', 'A plane sitting on top of a sandy beach.', 'A bird sitting on a bench in the sand.']","[1, 0.1099, 0.1099]"
CE,airplane_0067.jpg,"['A large passenger jet sitting on top of a runway.', 'A large metal pole with a large metal object on it.']","[1, 0.2252]"
CE,airplane_0071.jpg,"['A large passenger jet sitting on top of a runway.', 'A large airplane parked on the runway of an airport.', 'A boat with a large boat on the side of the road.']","[1, 0.2727, 0.2679]"
CE,airplane_0072.jpg,"['A large passenger jet parked at an airport.', 'A large airplane flying over a large body of water.', 'A group of birds standing on top of a wooden board.']","[1, 0.2778, 0.1075]"
CE,airplane_0073.jpg,"['A large passenger jet parked at an airport.', 'A group of people standing around a fire hydrant.']","[1, 0.1099]"
CE,airplane_0078.jpg,"['A large passenger jet sitting on top of a runway.', 'A dog is sitting on a toilet seat in a parking lot.']","[1, 0.3321]"
CE,airplane_0085.jpg,"['A large passenger jet parked on a runway.', 'A plane sitting on the ground next to a tree.', 'A man sitting on a bench with a laptop.']","[1, 0.2174, 0.2198]"
CE,airplane_0086.jpg,"['A large passenger jet parked at a terminal.', 'A man is standing on a bench with a dog.']","[1, 0.163]"
CE,airplane_0087.jpg,"['A large passenger jet parked on a runway.', 'A bench on a city street with a building in the background.']","[1, 0.2128]"
CE,airplane_0090.jpg,"['A large passenger jet sitting on top of a runway.', 'A wooden bench with a book on it.']","[1, 0.1852]"
CE,airplane_0092.jpg,"['A large passenger jet sitting on top of a runway.', 'A sheep is laying on a blanket on a bed.']","[1, 0.1818]"
CE,airplane_0093.jpg,"['A large passenger jet parked at an airport.', 'A man standing next to a wall with a sign on it.']","[1, 0.1064]"
CE,airplane_0098.jpg,"['A large passenger jet parked at an airport.', 'A large bird standing on top of a building.']","[1, 0.1648]"
CE,airplane_0099.jpg,"['A large passenger jet parked at an airport.', 'A large plane flying through the air on a cloudy day.', 'A group of animals standing on top of a stone wall.']","[1, 0.1613, 0.1075]"
CE,airplane_0004.jpg,"['A large passenger jet parked on a runway.', 'A plane sitting on top of a field with a flag on it.', 'A dog is sitting on a blanket in the grass.']","[1, 0.2105, 0.3431]"
CE,airplane_0005.jpg,"['A large passenger jet sitting on top of a runway.', 'A large airplane sitting on top of a mountain.', 'A small boat is sitting on the water.']","[1, 0.7146, 0.2922]"
CE,airplane_0010.jpg,"['A large passenger jet sitting on top of a runway.', 'A plane is flying through the air with a large passenger jet.', 'A horse and a horse standing in a field.']","[1, 0.4563, 0.1376]"
CE,airplane_0011.jpg,"['A large passenger jet parked at an airport.', 'A group of people standing around a plane in a field.', 'A group of people standing around a boat in the water.']","[1, 0.1075, 0.1075]"
CE,airplane_0018.jpg,"['A large passenger jet sitting on top of a runway.', 'A large passenger jet parked on a runway.', 'A group of sheep standing on top of a hill.']","[1, 0.7212, 0.5114]"
CE,airplane_0019.jpg,"['A large propeller airplane flying in the sky.', 'A large airplane sitting on top of a pile of luggage.', 'A man laying on a bed with a cat.']","[1, 0.2151, 0.1099]"
CE,airplane_0026.jpg,"['A large jet airplane flying in the sky.', 'A large propeller airplane sitting on top of a runway.', 'A horse standing on top of a metal fence.']","[1, 0.2174, 0.1099]"
CE,airplane_0027.jpg,"['A large airplane flying in the sky with a large propeller airplane in the background.', 'A large passenger jet parked on a runway.', 'A large passenger jet parked on a tarmac.', 'A man standing next to a luggage cart with luggage.']","[1, 0.1307, 0.1307, 0.129]"
CE,airplane_0032.jpg,['A man is sitting on a horse in a field.'],[1]
CE,airplane_0033.jpg,"['A large airplane parked on a runway with a large group of people.', 'A horse standing on top of a dirt road.']","[1, 0.1838]"
CE,airplane_0042.jpg,"['A large white airplane parked in a field.', 'A large group of military aircraft parked on a runway.']","[1, 0.4043]"
CE,airplane_0053.jpg,"['A large passenger jet parked at an airport.', 'A plane parked on the side of the road.', 'A bench on a street near a street.']","[1, 0.1648, 0.1111]"
CE,airplane_0057.jpg,"['A large passenger jet parked on a runway.', 'A large passenger jet parked on a runway.', 'A pile of dirt and debris on a dirt road.']","[1, 0.9993, 0.3431]"
CE,airplane_0060.jpg,"['A large jetliner flying through the sky.', 'A large airplane flying through the air with a parachute.', 'A bed with a blanket and a blanket on it.']","[1, 0.6158, 0.1205]"
CE,airplane_0061.jpg,"['A large jet airplane flying through the air.', 'A man sitting on a bed with a laptop.']","[1, 0.1099]"
CE,airplane_0065.jpg,"['A large passenger jet sitting on top of a runway.', 'A large airplane parked on the side of the road.', 'A sign that says ""Don\'t Stop the Water"" on a street.']","[1, 0.2273, 0.1754]"
CE,airplane_0068.jpg,"['A large passenger jet parked on a runway.', 'A man sitting on a bench with a book on his lap.']","[1, 0.2128]"
CE,airplane_0070.jpg,"['A large passenger jet parked on a runway.', 'A bird sitting on a bench in a park.']","[1, 0.2747]"
CE,airplane_0074.jpg,"['A large airplane flying in the sky with a large propeller airplane in the background.', 'A large plane sitting on top of a pile of luggage.', 'A bed with a bedspread and a blanket on it.']","[1, 0.1282, 0.129]"
CE,airplane_0075.jpg,"['A large passenger jet parked at an airport.', 'A man sitting on a surfboard in the water.']","[1, 0.1099]"
CE,airplane_0079.jpg,"['A large passenger jet parked on the tarmac.', 'A man is standing on a wooden bench with a skateboard.']","[1, 0.1613]"
CE,airplane_0080.jpg,"['A large jetliner sitting on top of a runway.', 'A wooden table with a wooden umbrella on it.']","[1, 0.2]"
CE,airplane_0081.jpg,"['A large passenger jet parked at an airport.', 'A truck parked on the side of a street.']","[1, 0.1648]"
CE,airplane_0084.jpg,"['A large passenger jet parked on the tarmac at an airport.', 'A large airplane flying in the sky.', 'A sign that says ""The Big Ben"" on a street.']","[1, 0.2721, 0.1653]"
CE,airplane_0089.jpg,"['A large passenger jet parked at an airport.', 'A plane is sitting on the ground in a field.', 'A man sitting on a bench in the middle of a field.']","[1, 0.1087, 0.1064]"
CE,airplane_0091.jpg,"['A large airplane sitting on top of a runway.', 'A plane is parked on the runway with a large propeller plane.', 'A group of animals in a body of water.']","[1, 0.2913, 0.2]"
CE,airplane_0095.jpg,"['A large passenger jet sitting on top of a runway.', 'A large jetliner flying through the air.', 'A plane flying in the air with a propeller plane in the background.', 'A wooden table with a bunch of books on it.']","[1, 0.1402, 0.1327, 0.2273]"
CE,airplane_0006.jpg,"['A large passenger jet flying through the sky.', 'A large white airplane sitting on top of a tiled floor.', 'A cat sitting on a bed in a room.']","[1, 0.1613, 0.1099]"
CE,airplane_0007.jpg,"['A large passenger jet parked at a terminal with a large passenger jet on the runway.', 'A group of horses standing in a field.']","[1, 0.0926]"
CE,airplane_0012.jpg,"['A large airplane sitting on top of a runway.', 'A laptop computer sitting on a wooden desk.']","[1, 0.3758]"
CE,airplane_0013.jpg,"['A large passenger jet sitting on top of a runway.', 'A plane is parked on the runway of an airport.', 'A man flying a kite in a field with a large building in the background.']","[1, 0.2273, 0.1739]"
CE,airplane_0024.jpg,"['A large airplane parked in a field with a large building in the background.', 'A large jet airplane flying through a field.', 'A group of men standing on top of a dirt ground.']","[1, 0.2083, 0.2147]"
CE,airplane_0025.jpg,"['A large propeller airplane flying through the sky.', 'A plane sitting on top of a dirt ground.', 'A wooden table with a wooden table cloth and a wooden table cloth.']","[1, 0.1099, 0.1053]"
CE,airplane_0030.jpg,"['A large passenger jet parked on a runway.', 'A boat sitting on top of a wooden dock.']","[1, 0.2198]"
CE,airplane_0031.jpg,"['A large airplane sitting on top of a runway.', 'A large jet airplane flying through a field.', 'A group of birds standing on top of a field.']","[1, 0.3758, 0.5569]"
CE,airplane_0038.jpg,['A man standing on top of a boat with a bird on it.'],[1]
CE,airplane_0039.jpg,"['A large airplane parked in a field with a large amount of smoke.', 'A man standing next to a plane on a runway.', 'A man standing next to a horse in a field.']","[1, 0.146, 0.219]"
CE,airplane_0040.jpg,"['A large airplane sitting on top of a field.', 'A large propeller plane sitting on top of a sandy beach.', 'A man laying on the ground with his arms around his head.']","[1, 0.7636, 0.1456]"
CE,airplane_0041.jpg,"['A large passenger jet parked on a runway with a large building in the background.', 'A group of people standing around a large sign.']","[1, 0.205]"
CE,airplane_0043.jpg,"['A large airplane sitting on top of a dirt field.', 'A group of airplanes parked on top of a runway.', 'A group of people standing around a large group of tents.']","[1, 0.577, 0.2252]"
CE,airplane_0048.jpg,"['A large airplane sitting on top of a field.', 'A large jet airplane parked on a runway.', 'A large jetliner parked on a runway with a passenger jet on the runway.', 'A large jetliner flying through the air.', 'A horse is riding on the back of a car.']","[1, 0.4307, 0.2381, 0.1531, 0.5061]"
CE,airplane_0049.jpg,"['A plane is parked on a runway with a large mountain in the background.', 'A small airplane sitting on top of a dirt road.', 'A small airplane sitting on top of a dirt road.', 'A yellow and black toy train on a track.']","[1, 0.137, 0.137, 0.1724]"
CE,airplane_0054.jpg,"['A large jetliner flying through the sky.', 'A man standing next to a large airplane.', 'A wooden bench with a wooden floor and a wooden wall.']","[1, 0.3155, 0.119]"
CE,airplane_0055.jpg,"['A large passenger jet flying through the sky.', 'A cat is sitting on a chair in a room.']","[1, 0.1087]"
CE,airplane_0056.jpg,"['A large passenger jet parked on a runway.', 'A large passenger jet parked at an airport.', 'A large group of people standing around a large truck.']","[1, 0.625, 0.2174]"
CE,airplane_0062.jpg,"['A large passenger jet parked on the tarmac of an airport.', 'A large white and blue airplane parked on a dirt road.', 'A sheep standing on top of a wooden fence.']","[1, 0.31, 0.1695]"
CE,airplane_0063.jpg,"['A large jet airplane flying through the air.', 'A pair of scissors sitting on top of a table.']","[1, 0.1087]"
CE,airplane_0069.jpg,"['A large passenger jet parked on a runway.', 'A group of people standing on top of a large building.']","[1, 0.2688]"
CE,airplane_0076.jpg,"['A large passenger jet sitting on top of a runway.', 'A plane is parked on the runway of an airport.', 'A street sign on a street corner with a street light on it.']","[1, 0.2273, 0.177]"
CE,airplane_0077.jpg,"['A large passenger jet parked on the tarmac at an airport.', 'A man sitting on a bench with a surfboard.']","[1, 0.1271]"
CE,airplane_0082.jpg,"['A large passenger jet parked on a runway.', 'A large group of military personnel on a road.']","[1, 0.4901]"
CE,airplane_0083.jpg,"['A large passenger jet parked on the tarmac.', 'A large metal plane parked on a dirt road.', 'A wooden bench in a dirt area next to a stone wall.']","[1, 0.4088, 0.1064]"
CE,airplane_0088.jpg,"['A large passenger jet flying through the sky.', 'A large propeller plane flying in the sky.', 'A wooden table with a pair of scissors on it.']","[1, 0.625, 0.1087]"
CE,airplane_0094.jpg,"['A large passenger jet parked on a runway.', 'A plane is parked on the runway with a large bird on it.', 'A cat sitting on a wooden bench next to a toy.']","[1, 0.3684, 0.2151]"
CE,airplane_0096.jpg,"['A large passenger jet parked on a runway.', 'A wooden bench in a lake with a bird on it.']","[1, 0.2151]"
CE,airplane_0097.jpg,"['A large passenger jet parked on the tarmac.', 'A plane flying through the air with a bird in the background.', 'A group of animals standing on top of a dirt ground.']","[1, 0.1596, 0.1613]"
DRSL,airplane_0000.jpg,"['A large airplane is parked on the runway.', 'A large airplane is parked on the ground.', 'A large white and black airplane is parked on the grass.', 'A large truck is parked in a field.']","[1, 0.8819, 0.8375, 0.4133]"
DRSL,airplane_0001.jpg,"['A large airplane is flying in the air.', 'A large white and black chair with a large white and black clock.']","[1, 0.269]"
DRSL,airplane_0002.jpg,"['A large airplane is parked on a grassy field.', 'A large airplane is parked on a runway.', 'A man is standing in a large truck.']","[1, 0.8018, 0.2525]"
DRSL,airplane_0003.jpg,"['A large airplane is parked on a runway.', 'A large white and black airplane is parked in a field.', 'A herd of sheep are standing in a field.']","[1, 0.6825, 0.1648]"
DRSL,airplane_0008.jpg,"['A large airplane is parked on the runway.', 'A cow is standing in a field with a man in the background.']","[1, 0.2105]"
DRSL,airplane_0009.jpg,"['A large airplane is parked on a runway.', 'A large jet airliner is flying in the air.', 'A large jet flying over a building.', 'A bird flying over a large building with a large bird flying in the air.']","[1, 0.2198, 0.3546, 0.2062]"
DRSL,airplane_0014.jpg,"['A large jet airliner is flying over a large building.', 'A large airplane is parked on the ground.', 'A dog is laying on the ground next to a bicycle.']","[1, 0.2922, 0.1802]"
DRSL,airplane_0015.jpg,"['A large jet airliner is parked on the runway.', 'A large jet is parked on a runway.', 'A large jet is flying over a large building.', 'A man is flying through the air while riding a horse.']","[1, 0.7576, 0.372, 0.1961]"
DRSL,airplane_0016.jpg,"['A large jet airliner is parked on the runway.', 'A large passenger jet is parked on a runway.', 'A large passenger jet is parked on a runway.', 'A train is parked on a train track.']","[1, 0.7023, 0.7023, 0.5682]"
DRSL,airplane_0017.jpg,"['A large jet airliner is parked on the runway.', 'A large passenger jet is parked on a runway.', 'A large passenger jet is on the runway.', 'A man is playing a game of soccer.']","[1, 0.7023, 0.7576, 0.1515]"
DRSL,airplane_0020.jpg,"['A large airplane is parked on a runway.', 'A large airplane is parked on a grassy field.', 'A large white and white airplane is parked in a field.', 'A group of small white and black toilets in a field.']","[1, 0.8723, 0.6825, 0.1613]"
DRSL,airplane_0021.jpg,"['A large jet airplane is parked on a runway.', 'A large red and white train is parked on the side of a building.']","[1, 0.6045]"
DRSL,airplane_0022.jpg,"['A man is standing in front of a large plane.', 'A large airplane is parked on a runway.', 'A large jet airliner is parked on a grassy field.', 'A large jet airliner is parked on a grassy field.', 'A small white and black airplane sitting on a grassy field.', 'A wooden chair with a wooden chair and a wooden chair.']","[1, 0.2315, 0.2273, 0.2273, 0.1351, 0.1351]"
DRSL,airplane_0023.jpg,"['A large airplane is parked on a runway.', 'A large airplane is parked in a field.', 'A large white and blue plane is parked in a field.', 'A large blue and white truck is parked in a field.']","[1, 0.7472, 0.5496, 0.5496]"
DRSL,airplane_0028.jpg,"['A large airplane is parked on a runway.', 'A group of people standing in a field with a large kite.']","[1, 0.2128]"
DRSL,airplane_0029.jpg,"['A large airplane is parked on a runway.', 'A large passenger jet is parked on a runway.', 'A dog is standing in a field with a truck.']","[1, 0.8723, 0.2174]"
DRSL,airplane_0034.jpg,"['A large airplane is parked on the runway.', 'A large airplane is parked on a runway.', 'A large airplane is parked in a field.', 'A group of elephants are standing in a field.']","[1, 0.8655, 0.625, 0.1099]"
DRSL,airplane_0035.jpg,"['A large jet airliner is flying in the sky.', 'A large airplane is parked on a runway.', 'A large airplane is parked on a runway.', 'A large passenger jet is parked on a runway.', 'A train is pulling a train on a track.']","[1, 0.202, 0.202, 0.25, 0.15]"
DRSL,airplane_0036.jpg,"['A large jet airliner is flying in the sky.', 'A man is standing in front of a large plane.', 'A couple of cows are standing in a field.']","[1, 0.3683, 0.15]"
DRSL,airplane_0037.jpg,"['A large airplane is parked on the runway.', 'A large airplane is parked on a field.', 'A large boat is sitting on a grassy field.']","[1, 0.7472, 0.2747]"
DRSL,airplane_0044.jpg,"['A large airplane is parked on a runway.', 'A large airplane is parked on a runway.', 'A train is pulling a large train on a track.']","[1, 0.9993, 0.7309]"
DRSL,airplane_0045.jpg,"['A large airplane is parked on a runway.', 'A large white and white bathroom with a large white and blue sink.']","[1, 0.2105]"
DRSL,airplane_0046.jpg,"['A large airplane is parked on the runway.', 'A large jet airliner is parked on the runway.', 'A large group of small airplanes sitting on a grassy field.', 'A group of chairs and chairs in a park.']","[1, 0.8723, 0.2688, 0.1648]"
DRSL,airplane_0047.jpg,"['A large airplane is parked on a runway.', 'A large jet is parked on a grassy field.', 'A large white and black airplane is parked in a field.', 'A large white and black dog is standing in the grass.']","[1, 0.739, 0.6825, 0.2151]"
DRSL,airplane_0050.jpg,"['A large airplane is parked on a runway.', 'A couple of giraffes are standing next to each other.']","[1, 0.1087]"
DRSL,airplane_0051.jpg,"['A large airplane is parked on the runway.', 'A large passenger jet is parked at a airport.', 'A large white and blue train sitting on a wooden platform.']","[1, 0.4088, 0.2151]"
DRSL,airplane_0052.jpg,"['A large passenger jet is parked on the runway.', 'A large passenger jet is parked on the side of the road.', 'A red truck parked on the side of a road.']","[1, 0.8576, 0.4416]"
DRSL,airplane_0058.jpg,"['A large jet airliner is parked on the runway.', 'A large airplane is parked at a airport.', 'A large group of people are standing in a large building.']","[1, 0.3758, 0.2505]"
DRSL,airplane_0059.jpg,"['A large jet airliner is parked on the runway.', 'A large passenger jet is parked on a runway.', 'A group of people are standing in a wooden bench.']","[1, 0.7023, 0.099]"
DRSL,airplane_0064.jpg,"['A large airplane is parked on the runway.', 'A white and black dog is sitting on a bench.']","[1, 0.2174]"
DRSL,airplane_0066.jpg,"['A large airplane is parked on the runway.', 'A large passenger jet is parked at a airport.', 'A large white and blue table with a large white and blue chair.']","[1, 0.4088, 0.269]"
DRSL,airplane_0067.jpg,"['A large passenger jet is parked on the runway.', 'A large white and black dog sitting on a bench.']","[1, 0.198]"
DRSL,airplane_0071.jpg,"['A large airplane is parked on a runway.', 'A man is laying on a bench in a field.']","[1, 0.2717]"
DRSL,airplane_0072.jpg,"['A large airplane is parked on the runway.', 'A large airplane is parked at a airport.', 'A large group of people are standing in a large airport.', 'A group of people are standing in a large room.']","[1, 0.625, 0.2748, 0.2778]"
DRSL,airplane_0073.jpg,"['A large airplane is parked at a airport.', 'A group of people are in a large building.']","[1, 0.2198]"
DRSL,airplane_0078.jpg,"['A large airplane is parked on the runway.', 'A small white and black dog is sitting on a wooden bench.']","[1, 0.2128]"
DRSL,airplane_0085.jpg,"['A large jet is parked on the runway.', 'A large jet airliner is parked at a airport.', 'A man is holding a baseball bat in his hand.']","[1, 0.5617, 0.163]"
DRSL,airplane_0086.jpg,"['A large airplane is parked on the runway.', 'A large airplane is parked at a airport.', 'A group of people standing in a parking lot.']","[1, 0.625, 0.1648]"
DRSL,airplane_0087.jpg,"['A large passenger jet is parked on the runway.', 'A large building with a large clock on top of it.']","[1, 0.3094]"
DRSL,airplane_0090.jpg,"['A large airplane is parked on the runway.', 'A cow is standing in a field with a fence.']","[1, 0.163]"
DRSL,airplane_0092.jpg,"['A large passenger jet is parked on the runway.', 'A sheep is laying on a wooden bench.']","[1, 0.202]"
DRSL,airplane_0093.jpg,"['A large airplane is parked on the runway.', 'A large airplane is parked at a airport.', 'A group of large white and blue chairs in a large room.']","[1, 0.625, 0.2719]"
DRSL,airplane_0098.jpg,"['A large airplane is parked on the runway.', 'A large room with a large bed and a large window.']","[1, 0.2748]"
DRSL,airplane_0099.jpg,"['A large airplane is parked at a airport.', 'A large airplane is flying in the air.', 'A man is standing in the middle of a street.']","[1, 0.4956, 0.2174]"
DRSL,airplane_0004.jpg,"['A large airplane is parked on a runway.', 'A large jet is parked on a grassy field.', 'A large jet is parked in a field.', 'A large jet is parked in a field.', 'A red and white fire hydrant is in the grass.']","[1, 0.739, 0.5679, 0.5679, 0.163]"
DRSL,airplane_0005.jpg,"['A large airplane is parked on a runway.', 'A large passenger jet is on the runway.', 'A train is on the tracks near a bridge.']","[1, 0.4738, 0.3297]"
DRSL,airplane_0010.jpg,"['A large airplane is parked on the runway.', 'A large jet is parked on a grassy field.', 'A large white and black airplane is flying in the grass.', 'A couple of horses standing in a field.']","[1, 0.5617, 0.5496, 0.1111]"
DRSL,airplane_0011.jpg,"['A large airplane is parked at a airport.', 'A large airplane is parked at a airport.', 'A group of people are on a boat in the water.']","[1, 0.9993, 0.1613]"
DRSL,airplane_0018.jpg,"['A large jet airliner is parked on the runway.', 'A large airplane is parked on a runway.', 'A large passenger jet is parked on a runway.', 'A man is standing in a field with a train.']","[1, 0.6411, 0.7023, 0.1485]"
DRSL,airplane_0019.jpg,"['A large jet airliner is flying in the sky.', 'A large airplane is parked on the runway.', 'A couple of people are standing in a train.']","[1, 0.3758, 0.15]"
DRSL,airplane_0026.jpg,"['A large jet airliner is flying in the sky.', 'A large airplane is parked on the runway.', 'A dog is sitting on a small plane.', 'A dog is sitting on a couch next to a window.']","[1, 0.3758, 0.1515, 0.1471]"
DRSL,airplane_0027.jpg,"['A large jet airliner is flying over a large building.', 'A large airplane is parked on the ground.', 'A small plane is parked on the ground.', 'A brown and white dog is sitting on a bench.']","[1, 0.2922, 0.1389, 0.1818]"
DRSL,airplane_0032.jpg,"['A plane is parked on the runway with a man in the background.', 'A man is laying on a grassy field.']","[1, 0.2222]"
DRSL,airplane_0033.jpg,"['A large airplane is parked on the runway.', 'A group of horses are standing in a field.']","[1, 0.1099]"
DRSL,airplane_0042.jpg,"['A large jet is parked on a runway.', 'A large red and white airplane is parked in a field.', 'A large red and white train is parked in a field.']","[1, 0.5496, 0.5496]"
DRSL,airplane_0053.jpg,"['A large airplane is parked on the runway.', 'A large passenger jet is parked at a airport.', 'A group of cows are in a parking lot.']","[1, 0.4088, 0.1648]"
DRSL,airplane_0057.jpg,"['A large passenger jet is parked on the runway.', 'A large plane is parked on a grassy field.', 'A wooden table with a wooden chair and a wooden table.']","[1, 0.5111, 0.098]"
DRSL,airplane_0060.jpg,"['A large jet airliner is flying in the sky.', 'A large airplane is flying in the sky.', 'A large airplane is parked on the ground.', 'A couple of elephants are standing next to each other.']","[1, 0.8018, 0.3758, 0.099]"
DRSL,airplane_0061.jpg,"['A large jet airliner is flying in the sky.', 'A cat is laying on a bed with a suitcase.']","[1, 0.1485]"
DRSL,airplane_0065.jpg,"['A large jet airliner is parked on the runway.', 'A large brown and white horse is grazing.']","[1, 0.3188]"
DRSL,airplane_0068.jpg,"['A large airplane is parked on a runway.', 'A group of people are on a train at a station.']","[1, 0.2151]"
DRSL,airplane_0070.jpg,"['A large airplane is parked on the runway.', 'A wooden bench sitting on a wooden bench next to a building.']","[1, 0.1596]"
DRSL,airplane_0074.jpg,"['A large jet airliner is flying over a large building.', 'A plane is flying in the sky with a large sky background.', 'A plane is flying through the sky.', 'A black and white dog is laying on a white and black bird.']","[1, 0.4563, 0.295, 0.177]"
DRSL,airplane_0075.jpg,"['A large airplane is parked at a airport.', 'A large passenger jet is parked on a runway.', 'A bottle of wine is sitting on a table.']","[1, 0.5617, 0.2198]"
DRSL,airplane_0079.jpg,"['A large airplane is parked on the runway.', 'A horse is standing in a field with a fence.']","[1, 0.163]"
DRSL,airplane_0080.jpg,"['A large airplane is parked on the runway.', 'A bird is perched on a wooden bench.']","[1, 0.2222]"
DRSL,airplane_0081.jpg,"['A large airplane is parked on the runway.', 'A large boat is parked on a dock.']","[1, 0.5679]"
DRSL,airplane_0084.jpg,"['A large jet is parked on the runway.', 'A large passenger jet is parked at a airport.', 'A large passenger train is parked at a train station.', 'A train is parked at a train station.']","[1, 0.5617, 0.4043, 0.3507]"
DRSL,airplane_0089.jpg,"['A large airplane is parked on the runway.', 'A large passenger jet is parked at a airport.', 'A train is pulling a train on a train track.']","[1, 0.4088, 0.4043]"
DRSL,airplane_0091.jpg,"['A large airplane is parked on the runway.', 'A dog is laying on a bed with a dog in it.']","[1, 0.2128]"
DRSL,airplane_0095.jpg,"['A large airplane is parked on the runway.', 'A large white and black bed with a large white and black bed.']","[1, 0.269]"
DRSL,airplane_0006.jpg,"['A large jet airliner is flying in the sky.', 'A large airplane is parked on a runway.', 'A dog is laying on a bed next to a window.']","[1, 0.202, 0.1471]"
DRSL,airplane_0007.jpg,"['A large airplane is parked at a airport.', 'A large clock tower with a large clock on top of it.']","[1, 0.2128]"
DRSL,airplane_0012.jpg,"['A large airplane is sitting on a runway.', 'A cat is laying on a table with a laptop.']","[1, 0.2717]"
DRSL,airplane_0013.jpg,"['A large airplane is parked on the runway.', 'A large jet airliner is on the runway.', 'A large passenger jet is flying over a field.', 'A train is on the tracks near a bridge.']","[1, 0.7472, 0.2198, 0.5617]"
DRSL,airplane_0024.jpg,"['A large airplane is parked on a runway.', 'A large passenger jet is parked in a field.', 'A large truck is parked in a field.']","[1, 0.5617, 0.5679]"
DRSL,airplane_0025.jpg,"['A large jet airliner is flying in the sky.', 'A large airplane is parked on a runway.', 'A large airplane is parked on the ground.', 'A motorcycle parked on a dirt road.']","[1, 0.202, 0.3758, 0.102]"
DRSL,airplane_0030.jpg,"['A large airplane is parked on a runway.', 'A large boat is parked on a beach.']","[1, 0.7472]"
DRSL,airplane_0031.jpg,"['A large airplane is parked on a runway.', 'A large jet flying in the air with a large plane in the background.', 'A bird is flying over a large flock of birds.']","[1, 0.2083, 0.2717]"
DRSL,airplane_0038.jpg,"['A large airplane is parked on a runway.', 'A horse is standing in a field with a fence.']","[1, 0.2174]"
DRSL,airplane_0039.jpg,"['A large airplane is parked on a runway.', 'A large white and black airplane is flying in the sky.', 'A group of sheep are standing in a field.']","[1, 0.4, 0.1648]"
DRSL,airplane_0040.jpg,"['A large airplane is parked on a runway.', 'A large group of airplanes are parked in a field.', 'A group of people standing in a field with a large number of zebras.']","[1, 0.4635, 0.2083]"
DRSL,airplane_0041.jpg,"['A large airplane is parked on a runway.', 'A large airplane is parked at a airport.', 'A large clock tower with a large crowd of people.']","[1, 0.7472, 0.2174]"
DRSL,airplane_0043.jpg,"['A large airplane is parked on a runway.', 'A group of people are sitting on a large blue and white plane.', 'A man is riding a horse on a dirt road.']","[1, 0.3916, 0.4043]"
DRSL,airplane_0048.jpg,"['A large airplane is parked on a runway.', 'A large airplane is parked on a grassy field.', 'A train is parked in a field with a large green and white train.']","[1, 0.8723, 0.4442]"
DRSL,airplane_0049.jpg,"['A large airplane is parked on a runway.', 'A large airplane is parked on the side of a road.', 'A small passenger train is parked on the side of a road.', 'A bicycle is parked on a road next to a road.']","[1, 0.8375, 0.5437, 0.5496]"
DRSL,airplane_0054.jpg,"['A large jet airliner is flying in the sky.', 'A large airplane is parked on a runway.', 'A small room with a bed and a chair.']","[1, 0.202, 0.1]"
DRSL,airplane_0055.jpg,"['A large jet airliner is flying in the sky.', 'A large airplane is sitting on a tarmac.', 'A dog is laying on a bed with a cat.']","[1, 0.202, 0.1485]"
DRSL,airplane_0056.jpg,"['A large airplane is parked on the runway.', 'A train is parked at a train station.']","[1, 0.3507]"
DRSL,airplane_0062.jpg,"['A large airplane is parked on the runway.', 'A large passenger jet is parked on a tarmac.', 'A small bathroom with a toilet and a sink.']","[1, 0.5617, 0.1099]"
DRSL,airplane_0063.jpg,"['A large jet airliner is flying in the sky.', 'A large airplane is parked on the ground.', 'A motorcycle is parked on a wooden table.']","[1, 0.3758, 0.1515]"
DRSL,airplane_0069.jpg,"['A large passenger jet is parked on the runway.', 'A large airplane is flying over a large building.', 'A large group of people flying kites in a field.']","[1, 0.3156, 0.1485]"
DRSL,airplane_0076.jpg,"['A large passenger jet is parked on the runway.', 'A large airplane is parked on a runway.', 'A large airplane is flying in a field.', 'A man is holding a baseball bat in his hand.']","[1, 0.6411, 0.202, 0.1485]"
DRSL,airplane_0077.jpg,"['A large jet airliner is parked on the runway.', 'A large train is parked at a train station.']","[1, 0.372]"
DRSL,airplane_0082.jpg,"['A large jet airliner is parked at a airport.', 'A large airplane is parked on the runway.', 'A large airplane is on the runway.', 'A cow is standing in a field with a cow.']","[1, 0.3758, 0.2041, 0.198]"
DRSL,airplane_0083.jpg,"['A large airplane is parked on the runway.', 'A large passenger jet is parked at a airport.', 'A group of buses parked on a street.']","[1, 0.4088, 0.3507]"
DRSL,airplane_0088.jpg,"['A large jet airliner is flying in the sky.', 'A large airplane is flying over a large building.', 'A large airplane is parked on the runway.', 'A train is parked on the tracks next to a building.']","[1, 0.446, 0.3758, 0.1961]"
DRSL,airplane_0094.jpg,"['A large airplane is parked on the runway.', 'A train is parked at a station with people standing around.']","[1, 0.3394]"
DRSL,airplane_0096.jpg,"['A large jet is parked on the runway.', 'A large boat is parked on a dock.']","[1, 0.5679]"
DRSL,airplane_0097.jpg,"['A large jet airliner is parked on the runway.', 'A large airplane is flying over a crowd.', 'A man in a baseball uniform is swinging a bat.']","[1, 0.202, 0.1485]"
DRSL1_2,airplane_0000.jpg,"['A large airplane parked on the runway at an airport.', 'A large airplane sitting on top of a dirt road.', 'A large teddy bear sitting on top of a tree.']","[1, 0.3382, 0.1818]"
DRSL1_2,airplane_0001.jpg,"['A plane flying in the sky with a propeller propeller plane in the background.', 'A large bed with a large bed in it.']","[1, 0.2566]"
DRSL1_2,airplane_0002.jpg,"['A plane is parked on the runway in a field.', 'A dog is sitting on top of a toy plane.', 'A dog is sitting on a toy train.']","[1, 0.2727, 0.2315]"
DRSL1_2,airplane_0003.jpg,"['A large passenger jet parked on a runway.', 'A large white cow standing in a field.']","[1, 0.3507]"
DRSL1_2,airplane_0008.jpg,"['A large passenger jet parked on the runway.', 'A large passenger jet flying through the air.', 'A group of horses standing on top of a field.']","[1, 0.625, 0.163]"
DRSL1_2,airplane_0009.jpg,"['A large passenger jet flying through the air.', 'A plane is parked on the runway at an airport.', 'A group of people standing on top of a wooden bench.']","[1, 0.163, 0.1075]"
DRSL1_2,airplane_0014.jpg,"['A large passenger jet flying through the air.', 'A large airplane sitting on top of a runway.', 'A large bird sitting on top of a wooden table.']","[1, 0.1648, 0.163]"
DRSL1_2,airplane_0015.jpg,"['A large passenger jet parked on the runway.', 'A large passenger jet parked at an airport.', 'A plane is parked at the airport with a large passenger jet.', 'A plane is flying over a large mountain.', 'A bird flying over a large building in the sky.']","[1, 0.6543, 0.6752, 0.284, 0.3431]"
DRSL1_2,airplane_0016.jpg,"['A large passenger jet parked on the runway.', 'A large passenger jet parked at an airport.', 'A large passenger jet flying over a large building.', 'A large airplane flying over a large mountain.', 'A group of birds sitting on top of a building.']","[1, 0.6543, 0.4901, 0.284, 0.163]"
DRSL1_2,airplane_0017.jpg,"['A large passenger jet parked on the runway.', 'A large passenger jet flying through the sky.', 'A large white cow standing on top of a mountain.']","[1, 0.625, 0.2174]"
DRSL1_2,airplane_0020.jpg,"['A large airplane parked on a runway with a large passenger jet.', 'A large airplane sitting on top of a field.', 'A small airplane is flying through the air.', 'A white and black bird standing on top of a grass covered field.']","[1, 0.2362, 0.119, 0.1527]"
DRSL1_2,airplane_0021.jpg,"['A large airplane is parked on the runway.', 'A large red and white train with a blue and white background.']","[1, 0.1596]"
DRSL1_2,airplane_0022.jpg,"['A man standing next to a plane on a runway.', 'A dog is playing with a banana in the air.']","[1, 0.1364]"
DRSL1_2,airplane_0023.jpg,"['A large airplane parked on a runway with a large passenger jet.', 'A large airplane parked in a field with a large propeller plane.', 'A man standing next to a yellow and black kite.']","[1, 0.6619, 0.1172]"
DRSL1_2,airplane_0028.jpg,"['A large airplane parked on a runway with people standing around it.', 'A group of people standing on top of a beach.']","[1, 0.3331]"
DRSL1_2,airplane_0029.jpg,"['A plane is parked on the runway at the airport.', 'A large passenger jet sitting on top of a runway.', 'A large white and black airplane flying in a field.', 'A black and white photo of a cow with a white collar.']","[1, 0.1818, 0.0909, 0.0893]"
DRSL1_2,airplane_0034.jpg,"['A large jet airplane flying through the air.', 'A plane is parked on the runway at the airport.', 'A man standing next to a plane on a runway.', 'A cow is standing on a dirt road.']","[1, 0.163, 0.1087, 0.1111]"
DRSL1_2,airplane_0035.jpg,"['A plane flying through the air in a clear blue sky.', 'A large airplane sitting on top of a runway.', 'A large airplane sitting on top of a runway.', 'A black and white photo of a motorcycle parked on a rack.']","[1, 0.1695, 0.1695, 0.124]"
DRSL1_2,airplane_0036.jpg,"['A plane flying through the air with a propeller propeller propeller.', 'A group of birds standing on top of a lush green field.']","[1, 0.124]"
DRSL1_2,airplane_0037.jpg,"['A large jetliner parked on the runway at an airport.', 'A man standing next to a plane in a field.', 'A group of people standing on top of a large field.']","[1, 0.0909, 0.2843]"
DRSL1_2,airplane_0044.jpg,"['A plane is flying through the air on a cloudy day.', 'A group of elephants standing in a field.']","[1, 0.1282]"
DRSL1_2,airplane_0045.jpg,"['A large airplane parked on the runway at an airport.', 'A group of people sitting on top of a plane.', 'A group of people sitting around a table with a table cloth.']","[1, 0.1364, 0.0893]"
DRSL1_2,airplane_0046.jpg,"['A large passenger jet parked on the runway.', 'A plane is flying over a field of grass.', 'A bird flying over a field of grass.']","[1, 0.1099, 0.1111]"
DRSL1_2,airplane_0047.jpg,"['A large passenger jet parked on the runway.', 'A plane flying in the air near a tree.', 'A bird is perched on a tree in a field.']","[1, 0.1648, 0.163]"
DRSL1_2,airplane_0050.jpg,['A large bird sitting on top of a wooden table.'],[1]
DRSL1_2,airplane_0051.jpg,"['A large passenger jet parked on the tarmac.', 'A large white and black bird sitting on top of a plane.', 'A group of sheep standing on top of a dirt road.']","[1, 0.2128, 0.1613]"
DRSL1_2,airplane_0052.jpg,"['A large passenger jet sitting on the tarmac.', 'A large passenger jet flying through the air.', 'A small dog is standing on a leash.']","[1, 0.625, 0.1667]"
DRSL1_2,airplane_0058.jpg,"['A large passenger jet parked at an airport.', 'A plane is flying in the air near a runway.', 'A bird flying over a body of water.']","[1, 0.1087, 0.1111]"
DRSL1_2,airplane_0059.jpg,"['A large passenger jet parked on the tarmac.', 'A plane is parked on the runway at an airport.', 'A group of zebras standing in a field with a fence.']","[1, 0.4848, 0.1075]"
DRSL1_2,airplane_0064.jpg,"['A large passenger jet parked on the runway.', 'A man sitting on a bench with a book on it.']","[1, 0.1613]"
DRSL1_2,airplane_0066.jpg,"['A large passenger jet parked on the runway.', 'A plane is parked on the runway at the airport.', 'A bird sitting on top of a wooden bench.']","[1, 0.4635, 0.1648]"
DRSL1_2,airplane_0067.jpg,"['A large passenger jet parked on the runway.', 'A plane is flying over a mountain in the sky.', 'A bird is perched on a tree in the middle of the woods.']","[1, 0.163, 0.2105]"
DRSL1_2,airplane_0071.jpg,"['A large passenger jet sitting on top of a runway.', 'A man laying on a bed with a surfboard.']","[1, 0.1835]"
DRSL1_2,airplane_0072.jpg,"['A large passenger jet parked at an airport.', 'A plane flying over a large body of water.', 'A group of birds standing on top of a body of water.']","[1, 0.2808, 0.1064]"
DRSL1_2,airplane_0073.jpg,"['A large passenger jet parked at an airport.', 'A large group of people standing around a large truck.']","[1, 0.2778]"
DRSL1_2,airplane_0078.jpg,"['A large passenger jet sitting on top of a runway.', 'A man sitting on a surfboard in the sand.']","[1, 0.3413]"
DRSL1_2,airplane_0085.jpg,"['A large passenger jet parked on the runway.', 'A plane flying over a large body of water.', 'A bird standing on top of a body of water.']","[1, 0.2808, 0.163]"
DRSL1_2,airplane_0086.jpg,"['A large passenger jet parked on the runway.', 'A large passenger jet parked at a terminal.', 'A man standing on a street with a horse.']","[1, 0.625, 0.1648]"
DRSL1_2,airplane_0087.jpg,"['A large passenger jet parked on the runway.', 'A fire hydrant is on the side of a building.']","[1, 0.3431]"
DRSL1_2,airplane_0090.jpg,"['A large passenger jet parked on the runway.', 'A bottle of beer sitting on a table next to a bottle of water.']","[1, 0.1562]"
DRSL1_2,airplane_0092.jpg,"['A large passenger jet sitting on top of a cement floor.', 'A man standing next to a large white cow.']","[1, 0.1695]"
DRSL1_2,airplane_0093.jpg,"['A large passenger jet parked at an airport.', 'A man standing next to a statue of a man on a skateboard.']","[1, 0.1053]"
DRSL1_2,airplane_0098.jpg,"['A large passenger jet parked at an airport.', 'A man sitting on a bench with a remote.']","[1, 0.1099]"
DRSL1_2,airplane_0099.jpg,"['A large passenger jet parked at an airport.', 'A man sitting on a plane in the air.', 'A cat is sleeping on a wooden floor.']","[1, 0.1099, 0.1111]"
DRSL1_2,airplane_0004.jpg,"['A large passenger jet parked on the runway.', 'A plane flying in the sky with a person on it.', 'A bird flying over a grassy field with a kite.']","[1, 0.2151, 0.1087]"
DRSL1_2,airplane_0005.jpg,"['A large passenger jet sitting on top of a runway.', 'A dog is sitting on a boat in the water.']","[1, 0.3382]"
DRSL1_2,airplane_0010.jpg,"['A large passenger jet sitting on top of a runway.', 'A plane is flying through the air on a cloudy day.', 'A couple of horses standing on top of a body of water.']","[1, 0.1802, 0.3807]"
DRSL1_2,airplane_0011.jpg,"['A large passenger jet parked at an airport.', 'A group of people standing on top of a plane.', 'A group of people standing on top of a beach.']","[1, 0.1087, 0.1087]"
DRSL1_2,airplane_0018.jpg,"['A large passenger jet sitting on top of a runway.', 'A plane is flying over a runway with a large passenger jet.', 'A man standing next to a plane on a runway.', 'A man standing next to a cat in a car.']","[1, 0.5111, 0.4055, 0.1364]"
DRSL1_2,airplane_0019.jpg,"['A plane flying in the sky with a propeller propeller propeller.', 'A couple of birds sitting on top of a wooden table.']","[1, 0.125]"
DRSL1_2,airplane_0026.jpg,"['A large jetliner flying through the air.', 'A large airplane sitting on top of a runway.', 'A plane is parked on the runway near a building.', 'A horse drawn carriage with a sign on it.']","[1, 0.1829, 0.1807, 0.122]"
DRSL1_2,airplane_0027.jpg,"['A large passenger jet flying through the air.', 'A cat sitting on top of a plane.', ""A cat sitting on a bed with a cat on it's head.""]","[1, 0.1111, 0.1053]"
DRSL1_2,airplane_0032.jpg,"['A plane is flying through the air in a field.', 'A man standing next to a sheep in a field.']","[1, 0.44]"
DRSL1_2,airplane_0033.jpg,"['A plane is parked on the runway at an airport.', 'A herd of cattle standing in a field with a fence.']","[1, 0.0901]"
DRSL1_2,airplane_0042.jpg,"['A large passenger jet parked on a runway.', 'A man standing next to a large red and white flag.']","[1, 0.2151]"
DRSL1_2,airplane_0053.jpg,"['A large passenger jet parked on the runway.', 'A large passenger jet parked at an airport.', 'A group of people standing around a large group of elephants.']","[1, 0.6543, 0.2748]"
DRSL1_2,airplane_0057.jpg,"['A large passenger jet parked on the runway.', 'A large group of people sitting on a plane.', 'A computer desk with a keyboard and mouse.']","[1, 0.2198, 0.1111]"
DRSL1_2,airplane_0060.jpg,"['A large jet flying through the air in a clear sky.', 'A large plane flying through the air with a propeller plane in the background.', 'A wooden table with a bunch of knives and scissors.']","[1, 0.5596, 0.1261]"
DRSL1_2,airplane_0061.jpg,"['A plane is flying through the air with a propeller propeller.', 'A man sitting on a bed with a laptop.']","[1, 0.2675]"
DRSL1_2,airplane_0065.jpg,"['A large passenger jet sitting on top of a runway.', 'A white and black bird standing on a dirt road.']","[1, 0.1818]"
DRSL1_2,airplane_0068.jpg,"['A large passenger jet parked on the runway.', 'A man standing on a bench with a bird on his head.']","[1, 0.1596]"
DRSL1_2,airplane_0070.jpg,"['A plane is sitting on the runway at the airport.', 'A large white and red airplane sitting on top of a wooden bench.', 'A wooden bench with a statue of a bird on it.']","[1, 0.2793, 0.1351]"
DRSL1_2,airplane_0074.jpg,"['A large jetliner flying through the air.', 'A plane is flying in the sky with a propeller plane in the background.', 'A cat is sitting on a bed with a book.']","[1, 0.2299, 0.1205]"
DRSL1_2,airplane_0075.jpg,"['A large passenger jet parked at an airport.', 'A man on a surfboard is riding a wave.']","[1, 0.1099]"
DRSL1_2,airplane_0079.jpg,"['A large passenger jet sitting on top of a runway.', 'A large white elephant standing on a dirt road.']","[1, 0.3413]"
DRSL1_2,airplane_0080.jpg,"['A large jetliner flying through the air.', 'A man sitting on a bench in front of a plane.', 'A man sitting on a bench in front of a bench.']","[1, 0.119, 0.119]"
DRSL1_2,airplane_0081.jpg,"['A large passenger jet parked on the runway.', 'A group of people walking down a street with a bus.']","[1, 0.1075]"
DRSL1_2,airplane_0084.jpg,"['A large passenger jet parked on the runway.', 'A large passenger jet parked at an airport.', 'A plane is flying over a large airport.', 'A group of people standing on top of a building.']","[1, 0.6543, 0.284, 0.163]"
DRSL1_2,airplane_0089.jpg,"['A large passenger jet parked at an airport.', 'A herd of sheep standing on top of a hill.']","[1, 0.1087]"
DRSL1_2,airplane_0091.jpg,"['A plane is sitting on the runway with a large passenger.', 'A pile of stuffed animals on a table.']","[1, 0.1709]"
DRSL1_2,airplane_0095.jpg,"['A large passenger jet sitting on the tarmac.', 'A large white airplane flying through the air.', 'A couple of birds standing on top of a body of water.']","[1, 0.3507, 0.1596]"
DRSL1_2,airplane_0006.jpg,"['A large passenger jet flying through the air.', 'A plane is sitting on the runway with a man standing on it.', 'A man standing next to a large white elephant.']","[1, 0.1579, 0.2808]"
DRSL1_2,airplane_0007.jpg,"['A large airplane parked at an airport with people on it.', 'A large passenger jet parked on the runway.', 'A large group of birds standing on top of a large body of water.']","[1, 0.3179, 0.2566]"
DRSL1_2,airplane_0012.jpg,"['A plane is flying through the air on a runway.', 'A cat sitting on top of a laptop computer.']","[1, 0.1835]"
DRSL1_2,airplane_0013.jpg,"['A large passenger jet sitting on top of a runway.', 'A plane is flying through the air in a field.', 'A large white bird standing on top of a body of water.']","[1, 0.1364, 0.5111]"
DRSL1_2,airplane_0024.jpg,"['A large airplane parked on a runway with a large propeller plane in the background.', 'A group of people standing next to a large truck.']","[1, 0.2036]"
DRSL1_2,airplane_0025.jpg,"['A plane flying through the air in a field.', 'A large jetliner flying through the air.', 'A plane is sitting on top of a table.', 'A wooden table with a wooden spoon and a wooden spoon.']","[1, 0.574, 0.3156, 0.1471]"
DRSL1_2,airplane_0030.jpg,"['A large passenger jet parked on the runway.', 'A table with a bunch of bottles and a bunch of wine.']","[1, 0.1064]"
DRSL1_2,airplane_0031.jpg,"['A plane is flying through the air in a field.', 'A large passenger jet sitting on top of a runway.', 'A large passenger jet parked on the runway.', 'A large passenger jet parked on the tarmac.', 'A car parked on the side of a road with a sign on the side of the road.']","[1, 0.1364, 0.1389, 0.1389, 0.1695]"
DRSL1_2,airplane_0038.jpg,"['A man standing next to a plane on a runway.', 'A bird is perched on a wooden board.']","[1, 0.2922]"
DRSL1_2,airplane_0039.jpg,"['A plane is parked on the runway in a field.', 'A large jetliner flying through the air on a cloudy day.', 'A group of planes flying in formation on a cloudy day.', 'A group of sheep standing next to each other on a wooden board.']","[1, 0.2252, 0.2703, 0.177]"
DRSL1_2,airplane_0040.jpg,"['A large airplane parked on a runway with a large propeller plane.', 'A man is standing on a field with a kite.']","[1, 0.3993]"
DRSL1_2,airplane_0041.jpg,"['A large passenger jet parked on a runway.', 'A group of people standing around a large mountain.']","[1, 0.2198]"
DRSL1_2,airplane_0043.jpg,"['A plane is parked on the runway in a field.', 'A group of people standing on top of a mountain.']","[1, 0.1818]"
DRSL1_2,airplane_0048.jpg,"['A plane is parked on the runway in a field.', 'A plane flying through the air with a propeller propeller.', 'A bird is perched on a metal pole.']","[1, 0.3382, 0.2315]"
DRSL1_2,airplane_0049.jpg,"['A plane is parked on the runway at the airport.', 'A large airplane flying through the air on a cloudy day.', 'A large elephant standing on top of a road.']","[1, 0.1802, 0.1376]"
DRSL1_2,airplane_0054.jpg,"['A large jetliner flying through the air.', 'A man standing next to a large white horse.']","[1, 0.3117]"
DRSL1_2,airplane_0055.jpg,"['A large passenger jet flying through the air.', 'A dog is standing in front of a book.']","[1, 0.1099]"
DRSL1_2,airplane_0056.jpg,"['A large passenger jet parked on the runway.', 'A large passenger jet sitting on top of a runway.', 'A plane flying over a large body of water.', 'A man holding a remote control in front of a tree.']","[1, 0.6899, 0.2808, 0.1075]"
DRSL1_2,airplane_0062.jpg,"['A large passenger jet parked on the runway.', 'A large passenger jet parked on the tarmac.', 'A large elephant walking across a street.']","[1, 0.8819, 0.1685]"
DRSL1_2,airplane_0063.jpg,"['A large jetliner flying through the air.', 'A man is holding a remote control in his hand.']","[1, 0.1205]"
DRSL1_2,airplane_0069.jpg,"['A large passenger jet parked on the runway.', 'A bird flying over a bridge in the sky.']","[1, 0.1648]"
DRSL1_2,airplane_0076.jpg,"['A large passenger jet parked on the runway.', 'A large passenger jet parked at an airport.', ""A cat sitting on top of a building with a clock on it's face.""]","[1, 0.6543, 0.1546]"
DRSL1_2,airplane_0077.jpg,"['A large passenger jet parked on the runway.', 'A large passenger jet parked at an airport.', 'A group of people standing around a large elephant.']","[1, 0.6543, 0.2808]"
DRSL1_2,airplane_0082.jpg,"['A large passenger jet parked on the runway.', 'A large passenger jet parked at an airport.', 'A large bird flying over a large building.']","[1, 0.6543, 0.284]"
DRSL1_2,airplane_0083.jpg,"['A large passenger jet parked on the runway.', 'A large truck parked on a dirt road.']","[1, 0.4133]"
DRSL1_2,airplane_0088.jpg,"['A large jetliner flying through the air.', 'A plane flying through the air with a propeller propeller.', 'A bird perched on a wooden board on a wooden table.']","[1, 0.6777, 0.119]"
DRSL1_2,airplane_0094.jpg,"['A large passenger jet parked on the runway.', 'A cat sitting on top of a plane in a hangar.', 'A cat is sitting on a wooden floor.']","[1, 0.1613, 0.1667]"
DRSL1_2,airplane_0096.jpg,"['A large passenger jet parked on the runway.', 'A man standing next to a bird on a rock.']","[1, 0.163]"
DRSL1_2,airplane_0097.jpg,"['A large passenger jet parked on the runway.', 'A plane flying over a large body of water.', 'A large group of birds standing on top of a body of water.']","[1, 0.2808, 0.2105]"
DRSL1_6,airplane_0000.jpg,"['A large jetliner parked on the runway.', 'A man is standing on a motorcycle with a remote.']","[1, 0.1807]"
DRSL1_6,airplane_0001.jpg,"['A large jet airplane flying in the sky.', 'A large airplane parked on top of a snow covered ground.', 'A man is sitting on a snowboard in the snow.']","[1, 0.2151, 0.3431]"
DRSL1_6,airplane_0002.jpg,"['A large airplane parked in a field with a large propeller plane.', 'A large white and black horse standing on top of a dirt field.']","[1, 0.1908]"
DRSL1_6,airplane_0003.jpg,"['A large passenger jet parked on a runway.', 'A group of people standing around a plane in a field.', 'A group of people standing around a sheep in a field.']","[1, 0.1613, 0.1613]"
DRSL1_6,airplane_0008.jpg,"['A large passenger jet parked on the runway.', 'A large white and black dog on a horse.']","[1, 0.2198]"
DRSL1_6,airplane_0009.jpg,"['A large jetliner sitting on top of a runway.', 'A large airplane is flying in the air.', 'A large group of colorful umbrellas hanging from a wall.']","[1, 0.1515, 0.3683]"
DRSL1_6,airplane_0014.jpg,"['A large passenger jet flying through the air.', 'A large airplane sitting on top of a runway.', 'A large bird sitting on top of a wooden table.']","[1, 0.1648, 0.163]"
DRSL1_6,airplane_0015.jpg,"['A large passenger jet parked at an airport.', 'A large passenger jet sitting on top of a runway.', 'A man standing on a grassy field with a plane.', 'A man is playing a game of soccer on a field.']","[1, 0.4848, 0.1087, 0.1075]"
DRSL1_6,airplane_0016.jpg,"['A large passenger jet parked at an airport.', 'A large passenger jet parked on a runway.', 'A large white airplane flying in the air.', 'A bird is perched on a fence in a park.']","[1, 0.625, 0.284, 0.163]"
DRSL1_6,airplane_0017.jpg,"['A large passenger jet parked at an airport.', 'A large passenger jet sitting on top of a runway.', 'A large white and blue bird sitting on top of a grass covered field.']","[1, 0.4848, 0.1562]"
DRSL1_6,airplane_0020.jpg,"['A large airplane parked on a field with a large amount of grass.', 'A large airplane parked on a runway with a large passenger jet.', 'A couple of birds standing on top of a rack.']","[1, 0.7097, 0.1825]"
DRSL1_6,airplane_0021.jpg,"['A large jet airplane flying in the sky.', 'A large blue and white airplane parked on a wooden floor.', 'A pair of scissors sitting on top of a pair of shoes.']","[1, 0.2151, 0.1064]"
DRSL1_6,airplane_0022.jpg,"['A man standing on top of a plane with a parachute.', 'A large white airplane sitting on top of a grass covered field.', 'A couple of birds standing on top of a grass covered field.']","[1, 0.4224, 0.5245]"
DRSL1_6,airplane_0023.jpg,"['A large airplane parked in a field with trees in the background.', 'A large airplane parked on a runway with a large passenger jet.', 'A group of people standing around a plane.', 'A group of people standing around a large group of motorcycles.']","[1, 0.3689, 0.119, 0.155]"
DRSL1_6,airplane_0028.jpg,['A group of military personnel standing on top of a runway.'],[1]
DRSL1_6,airplane_0029.jpg,"['A large passenger jet parked at a airport.', 'A man flying a kite in a field.']","[1, 0.1667]"
DRSL1_6,airplane_0034.jpg,"['A large airplane is parked on the runway.', 'A man standing on top of a plane with a propeller.', 'A man standing on top of a dirt field.']","[1, 0.1613, 0.1648]"
DRSL1_6,airplane_0035.jpg,"['A large jet airplane flying in the sky.', 'A large airplane is parked on the runway.', 'A large passenger jet parked on top of a runway.', 'A train is parked on the tracks near a building.']","[1, 0.4133, 0.2174, 0.163]"
DRSL1_6,airplane_0036.jpg,"['A large jet airplane flying in the sky.', 'A group of military personnel standing next to each other.']","[1, 0.1087]"
DRSL1_6,airplane_0037.jpg,"['A large airplane parked on the runway with people on it.', 'A large jetliner flying through the air.', 'A fighter jet flying through the air in a field.', 'A fighter jet flying through the air with a propeller propeller.', 'A large white bird flying through the air.']","[1, 0.2721, 0.1261, 0.1667, 0.2698]"
DRSL1_6,airplane_0044.jpg,"['A large airplane is parked on the runway.', 'A group of people standing around a large group of birds.']","[1, 0.2748]"
DRSL1_6,airplane_0045.jpg,"['A large jetliner parked at a airport.', 'A group of people sitting on top of a boat.']","[1, 0.1807]"
DRSL1_6,airplane_0046.jpg,"['A large passenger jet parked at an airport.', 'A plane is flying in the sky with a bird on the back of it.', 'A bird sitting on a bench in a park.']","[1, 0.1031, 0.1648]"
DRSL1_6,airplane_0047.jpg,"['A large jetliner parked on the runway.', 'A large airplane sitting on top of a grass covered field.', 'A dog is standing on a wooden bench.']","[1, 0.2381, 0.1852]"
DRSL1_6,airplane_0050.jpg,"['A plane is flying in the air with a propeller.', 'A large airplane with a large propeller propeller.', 'A group of zebras standing next to each other.']","[1, 0.413, 0.0917]"
DRSL1_6,airplane_0051.jpg,"['A large passenger jet parked at an airport.', 'A large white and blue plane on a runway.', 'A sheep and a sheep in a field.']","[1, 0.1648, 0.1111]"
DRSL1_6,airplane_0052.jpg,"['A large passenger jet sitting on the tarmac.', 'A large passenger jet parked at an airport.', 'A man standing next to a horse on a road.']","[1, 0.5378, 0.163]"
DRSL1_6,airplane_0058.jpg,"['A large passenger jet parked at an airport.', 'A plane flying in the sky with a bird on it.', 'A bird flying over a fence in a park.']","[1, 0.1075, 0.1648]"
DRSL1_6,airplane_0059.jpg,"['A large passenger jet parked at an airport.', 'A man standing on a dirt road with a dog.']","[1, 0.1087]"
DRSL1_6,airplane_0064.jpg,"['A large passenger jet sitting on top of a runway.', 'A man standing on a sidewalk with a skateboard.']","[1, 0.1835]"
DRSL1_6,airplane_0066.jpg,"['A large passenger jet parked at an airport.', 'A plane is parked on the runway near a building.', 'A clock on a pole in front of a mountain.']","[1, 0.163, 0.1087]"
DRSL1_6,airplane_0067.jpg,"['A large passenger jet sitting on top of a runway.', 'A man standing on a street with a large airplane.', 'A man standing next to a sign that says ""Don\'t Stop""']","[1, 0.2273, 0.0885]"
DRSL1_6,airplane_0071.jpg,"['A large airplane sitting on top of a runway.', 'A plane is parked on the runway at the airport.', 'A man is riding a motorcycle down a street.']","[1, 0.198, 0.2]"
DRSL1_6,airplane_0072.jpg,"['A large passenger jet parked at an airport.', 'A plane is flying through the air with people watching.', 'A group of people standing on top of a street.']","[1, 0.1087, 0.1087]"
DRSL1_6,airplane_0073.jpg,"['A large passenger jet parked at a terminal.', 'A group of people standing around a large group of people.']","[1, 0.2151]"
DRSL1_6,airplane_0078.jpg,"['A large passenger jet sitting on top of a runway.', 'A man sitting on a tarmac with a suitcase.']","[1, 0.3413]"
DRSL1_6,airplane_0085.jpg,"['A large passenger jet parked at an airport.', 'A man flying a kite on a field.']","[1, 0.1111]"
DRSL1_6,airplane_0086.jpg,"['A large passenger jet parked at an airport.', 'A horse is standing on a street in a park.']","[1, 0.163]"
DRSL1_6,airplane_0087.jpg,"['A large passenger jet parked at an airport.', 'A man standing on a bench with a baseball bat.']","[1, 0.1087]"
DRSL1_6,airplane_0090.jpg,"['A large jetliner parked on the tarmac.', 'A man standing next to a sign on a pole.']","[1, 0.1807]"
DRSL1_6,airplane_0092.jpg,"['A large passenger jet sitting on top of a runway.', 'A sheep standing on top of a rock.']","[1, 0.5208]"
DRSL1_6,airplane_0093.jpg,"['A large passenger jet parked at an airport.', 'A group of people standing around a large group of birds.']","[1, 0.2748]"
DRSL1_6,airplane_0098.jpg,"['A large passenger jet parked at an airport.', 'A man standing next to a horse in a field.']","[1, 0.1087]"
DRSL1_6,airplane_0099.jpg,"['A large passenger jet parked at an airport.', 'A horse is standing on a grassy field.']","[1, 0.1111]"
DRSL1_6,airplane_0004.jpg,"['A large passenger jet parked in a field.', 'A plane flying in the sky with a man in the background.', 'A man flying a kite on a cloudy day.']","[1, 0.2128, 0.1648]"
DRSL1_6,airplane_0005.jpg,"['A large passenger jet sitting on top of a runway.', 'A plane is flying through the air on a cloudy day.', 'A herd of sheep standing on top of a road.']","[1, 0.1802, 0.5114]"
DRSL1_6,airplane_0010.jpg,"['A large passenger jet sitting on top of a runway.', 'A man standing next to a plane on a runway.', 'A man standing next to a woman holding a kite.']","[1, 0.4055, 0.1364]"
DRSL1_6,airplane_0011.jpg,"['A large airplane parked at an airport with people standing around it.', 'A man standing next to a plane on a runway.', 'A man standing next to a large bird.']","[1, 0.1172, 0.2505]"
DRSL1_6,airplane_0018.jpg,"['A large passenger jet sitting on top of a runway.', 'A large passenger jet flying through the air.', 'A herd of sheep standing in a field with a large flock of birds.']","[1, 0.413, 0.2193]"
DRSL1_6,airplane_0019.jpg,"['A large propeller plane flying in the sky.', 'A large plane flying through the air with a man on it.', 'A couple of zebras standing on top of a runway.']","[1, 0.4536, 0.1087]"
DRSL1_6,airplane_0026.jpg,"['A large jetliner flying in the sky.', 'A large airplane is parked on the runway.', 'A large airplane parked in a hangar with people standing around it.', 'A large airplane parked at an airport.', 'A man standing next to a luggage cart with luggage.']","[1, 0.3897, 0.2353, 0.3194, 0.1205]"
DRSL1_6,airplane_0027.jpg,"['A large jetliner flying in the sky.', 'A plane is parked on the runway with a man standing on it.', 'A cat sitting on a chair in a room.']","[1, 0.1744, 0.1829]"
DRSL1_6,airplane_0032.jpg,"['A man standing on top of a plane with a parachute.', 'A flock of sheep standing in a field.']","[1, 0.2137]"
DRSL1_6,airplane_0033.jpg,"['A large group of military personnel standing on top of an airplane.', 'A plane is parked on the runway at the airport.', 'A horse is riding on the back of a car.']","[1, 0.1172, 0.1563]"
DRSL1_6,airplane_0042.jpg,"['A large plane parked in a field with a large flag.', 'A man holding a frisbee in his hand.']","[1, 0.1709]"
DRSL1_6,airplane_0053.jpg,"['A large passenger jet parked at an airport.', 'A horse is standing on a street near a truck.']","[1, 0.1087]"
DRSL1_6,airplane_0057.jpg,"['A large passenger jet parked at an airport.', 'A plane is flying in the air with a flag on it.', 'A pair of scissors are on a table.']","[1, 0.1064, 0.1111]"
DRSL1_6,airplane_0060.jpg,"['A large jetliner flying through the air.', 'A large plane flying in the sky with a man on it.', 'A group of people standing around a large bird.']","[1, 0.2941, 0.3117]"
DRSL1_6,airplane_0061.jpg,"['A large jet airplane flying in the sky.', 'A man sitting on a bed with a laptop.']","[1, 0.1099]"
DRSL1_6,airplane_0065.jpg,"['A large passenger jet sitting on top of a runway.', 'A bird standing on top of a grass covered field.']","[1, 0.5114]"
DRSL1_6,airplane_0068.jpg,"['A large airplane parked on the runway at an airport.', 'A man standing on a bench with a tennis racket.']","[1, 0.1364]"
DRSL1_6,airplane_0070.jpg,"['A large passenger jet sitting on top of a runway.', 'A person jumping on a skateboard in the air.']","[1, 0.1835]"
DRSL1_6,airplane_0074.jpg,"['A large airplane flying in the sky.', 'A plane is flying in the air with a large passenger jet.', 'A dog is sitting on a suitcase in a room.']","[1, 0.6618, 0.1807]"
DRSL1_6,airplane_0075.jpg,"['A large passenger jet parked at an airport.', 'A man holding a frisbee in his hand.']","[1, 0.1111]"
DRSL1_6,airplane_0079.jpg,"['A large passenger jet sitting on top of a runway.', 'A sheep standing on a street with a sign on it.']","[1, 0.1802]"
DRSL1_6,airplane_0080.jpg,"['A large jetliner parked on a runway.', 'A man standing next to a large bird on a rock.']","[1, 0.531]"
DRSL1_6,airplane_0081.jpg,"['A large passenger jet parked at an airport.', 'A man is walking down a street with a bike.']","[1, 0.1087]"
DRSL1_6,airplane_0084.jpg,"['A large passenger jet parked at an airport.', 'A large bird standing on top of a building.']","[1, 0.1648]"
DRSL1_6,airplane_0089.jpg,"['A large passenger jet parked at an airport.', 'A plane is flying through the air with a large bird in the background.', 'A cow standing next to a fence with a sign saying ""Horses"".']","[1, 0.2662, 0.1042]"
DRSL1_6,airplane_0091.jpg,"['A plane is sitting on the runway with a propeller.', 'A large passenger jet parked at an airport.', 'A large passenger jet parked at an airport.', 'A large group of cars parked on a street.']","[1, 0.0926, 0.0926, 0.1835]"
DRSL1_6,airplane_0095.jpg,"['A large passenger jet sitting on top of a runway.', 'A large jetliner flying through the air.', 'A plane flying in the sky with a bird in the background.', 'A large bird standing on top of a tree.']","[1, 0.1402, 0.1339, 0.6169]"
DRSL1_6,airplane_0006.jpg,"['A large airplane flying in the sky.', 'A large passenger jet sitting on top of a runway.', 'A man standing next to a plane on a runway.', 'A man standing next to a plane on the runway.', 'A woman standing next to a luggage cart with luggage.']","[1, 0.1807, 0.1205, 0.1807, 0.1205]"
DRSL1_6,airplane_0007.jpg,"['A large airplane sitting on top of a runway.', 'A man is standing in front of a building with a clock on the top.']","[1, 0.283]"
DRSL1_6,airplane_0012.jpg,"['A large airplane flying in the sky.', 'A laptop computer sitting on top of a wooden table.']","[1, 0.1205]"
DRSL1_6,airplane_0013.jpg,"['A large passenger jet sitting on top of a runway.', 'A plane is flying in the sky with a man on it.', 'A man flying a kite in the sky.']","[1, 0.1786, 0.1389]"
DRSL1_6,airplane_0024.jpg,"['A large airplane parked in a field with a large propeller plane.', 'A group of people standing around a plane.', 'A man holding a skateboard in his hand.']","[1, 0.2505, 0.1587]"
DRSL1_6,airplane_0025.jpg,"['A large jet airplane flying through the air.', 'A plane is flying in the sky with a man standing on it.', 'A large group of military personnel standing on top of a dirt field.']","[1, 0.2105, 0.1579]"
DRSL1_6,airplane_0030.jpg,"['A large passenger jet parked at an airport.', 'A plane is flying through the air on a cloudy day.', 'A bird sitting on a wooden bench next to a wooden table.']","[1, 0.1075, 0.1064]"
DRSL1_6,airplane_0031.jpg,"['A large airplane is flying in the sky.', 'A large airplane parked in a hangar with a large group of people.', 'A large group of airplanes parked on the runway.', 'A truck parked next to a truck with a bunch of cars.']","[1, 0.3916, 0.4088, 0.1064]"
DRSL1_6,airplane_0038.jpg,"['A man standing on top of a plane in a field.', 'A man is jumping a skateboard in the air.']","[1, 0.2119]"
DRSL1_6,airplane_0039.jpg,"['A large jetliner parked on top of a field.', 'A man is flying a kite in the sky.']","[1, 0.15]"
DRSL1_6,airplane_0040.jpg,"['A large airplane parked on a field with a large group of people.', 'A large airplane sitting on top of a cement floor.', 'A man is sitting on a bed with a book.']","[1, 0.2555, 0.3731]"
DRSL1_6,airplane_0041.jpg,"['A large airplane parked on a runway with people watching.', 'A man standing next to a horse in a field.']","[1, 0.1364]"
DRSL1_6,airplane_0043.jpg,"['A large airplane parked on a runway with a large group of people.', 'A large propeller plane flying in the sky.', 'A horse is standing on a dirt field.']","[1, 0.1893, 0.1481]"
DRSL1_6,airplane_0048.jpg,"['A large airplane sitting on top of a grass covered field.', 'A large jetliner flying through the air.', 'A plane is flying through the air while a person watches.', 'A group of people riding on the back of a train.']","[1, 0.1293, 0.125, 0.477]"
DRSL1_6,airplane_0049.jpg,"['A plane is parked on the runway at the airport.', 'A large propeller plane flying through the air.', 'A large propeller plane flying through the air.', 'A bird is perched on a rope on a rope.']","[1, 0.1852, 0.1852, 0.1818]"
DRSL1_6,airplane_0054.jpg,"['A large jetliner flying in the sky.', 'A man standing next to a plane on a runway.', 'A man standing next to a sheep in a store.']","[1, 0.1205, 0.1807]"
DRSL1_6,airplane_0055.jpg,"['A large jetliner flying in the sky.', 'A large airplane sitting on top of a runway.', 'A plane is parked in a hangar with a man standing in front of it.', 'A dog is standing in a room with a stuffed animal.']","[1, 0.1829, 0.1705, 0.1786]"
DRSL1_6,airplane_0056.jpg,"['A large passenger jet sitting on top of a runway.', 'A large jetliner parked at an airport.', 'A group of people flying kites in the air.']","[1, 0.1402, 0.1376]"
DRSL1_6,airplane_0062.jpg,"['A large passenger jet parked at an airport.', 'A white and black bird standing on top of a building.']","[1, 0.1075]"
DRSL1_6,airplane_0063.jpg,"['A large jetliner flying through the air.', 'A pair of scissors sitting on top of a beach.']","[1, 0.1205]"
DRSL1_6,airplane_0069.jpg,"['A large passenger jet sitting on top of a runway.', 'A man standing next to a plane with a large propeller plane.', 'A man standing next to a pile of bananas.']","[1, 0.1786, 0.1835]"
DRSL1_6,airplane_0076.jpg,"['A large passenger jet parked at an airport.', 'A large airplane is parked on the grass.', 'A baseball player holding a bat in his hand.']","[1, 0.3507, 0.1099]"
DRSL1_6,airplane_0077.jpg,"['A large passenger jet parked at an airport.', 'A man standing on a bench with a dog.']","[1, 0.1099]"
DRSL1_6,airplane_0082.jpg,"['A large passenger jet parked at an airport.', 'A group of people standing around a large flock of birds.']","[1, 0.2748]"
DRSL1_6,airplane_0083.jpg,"['A large passenger jet parked at an airport.', 'A plane sitting on top of a dirt road.', 'A wooden bench with a wooden bench in the background.']","[1, 0.1099, 0.1087]"
DRSL1_6,airplane_0088.jpg,"['A large jetliner flying in the sky.', 'A large airplane flying in the sky.', ""A boat with a bird on it's back.""]","[1, 0.8648, 0.122]"
DRSL1_6,airplane_0094.jpg,"['A large passenger jet parked at a airport.', 'A group of zebras standing next to each other.']","[1, 0.1099]"
DRSL1_6,airplane_0096.jpg,"['A large passenger jet parked at an airport.', 'A bird sitting on top of a wooden bench.']","[1, 0.1099]"
DRSL1_6,airplane_0097.jpg,"['A large passenger jet sitting on top of a runway.', 'A man flying a kite in the air.']","[1, 0.1389]"
DRSL1_10,airplane_0000.jpg,"['A large jet airliner with a propeller propeller.', 'A group of people standing around a motorcycle.']","[1, 0.1667]"
DRSL1_10,airplane_0001.jpg,"['A small plane with a propeller propeller flying in the air.', 'A train is traveling through a snowy area.']","[1, 0.1282]"
DRSL1_10,airplane_0002.jpg,"['A small plane with a propeller on top of it.', 'A red and yellow fire truck with a red and yellow fire hydrant.']","[1, 0.2793]"
DRSL1_10,airplane_0003.jpg,"['A small plane is flying in the air near a building.', 'A large white and black airplane sitting on top of a field.', 'A large white and blue jet airliner with a large red and white jet.', 'A group of cows standing next to each other.']","[1, 0.124, 0.122, 0.0847]"
DRSL1_10,airplane_0008.jpg,"['A large passenger jet sitting on top of a runway.', 'A red and white fire truck with a red and white flag.']","[1, 0.1339]"
DRSL1_10,airplane_0009.jpg,"['A large jet airliner with a propeller propeller.', 'A man is standing on a plane with a large jet.', 'A woman standing on a tarmac with a suitcase.']","[1, 0.5496, 0.3468]"
DRSL1_10,airplane_0014.jpg,"['A large jet airliner flying in the sky.', 'A large jet airliner with a large propeller propeller.', 'A banana is sitting on top of a counter.']","[1, 0.4901, 0.1099]"
DRSL1_10,airplane_0015.jpg,"['A large passenger jet sitting on top of a runway.', 'A plane that is sitting on top of a runway.', 'A man sitting on top of a boat in front of a building.']","[1, 0.7216, 0.5617]"
DRSL1_10,airplane_0016.jpg,"['A large passenger jet sitting on top of a runway.', 'A large white and black bird sitting on top of a bench.']","[1, 0.6955]"
DRSL1_10,airplane_0017.jpg,"['A large passenger jet sitting on top of a runway.', 'A large white and black airplane parked in a field.', 'A cow standing in front of a building.']","[1, 0.2869, 0.2922]"
DRSL1_10,airplane_0020.jpg,"['A small plane sitting on top of a field.', 'A large jet airliner sitting on top of a tarmac.', 'A bathroom with a sink, toilet and shower.']","[1, 0.6658, 0.15]"
DRSL1_10,airplane_0021.jpg,"['A small propeller airplane with a propeller propeller propeller.', 'A red and white photo of a red and white plane.', 'A red and white train with a red and white train logo.']","[1, 0.1471, 0.3064]"
DRSL1_10,airplane_0022.jpg,"['A man is standing on a plane with a kite.', ""A bird with a bird's head on a baseball bat.""]","[1, 0.2703]"
DRSL1_10,airplane_0023.jpg,"['A small plane with a propeller on top of it.', 'A large red and white plane with a large red and white propeller.', 'A group of four passenger train cars parked in a field.', 'A group of people standing next to each other.']","[1, 0.4523, 0.1802, 0.1376]"
DRSL1_10,airplane_0028.jpg,"['A large plane with a large propeller plane on top.', 'A group of people standing around a train.']","[1, 0.1389]"
DRSL1_10,airplane_0029.jpg,"['A plane that is sitting on top of a runway.', 'A truck with a large red truck on top of it.']","[1, 0.4605]"
DRSL1_10,airplane_0034.jpg,"['A small plane with a propeller propeller on top.', 'A large military plane with a man on it.', 'A group of people standing around a large plane.', 'A group of people standing around a large herd of cows.']","[1, 0.5111, 0.2, 0.1471]"
DRSL1_10,airplane_0035.jpg,"['A fighter jet flying in the sky with a propeller plane.', 'A red and white propeller airplane with a red and white propeller.', 'A fire hydrant with a red and yellow fire hydrant.']","[1, 0.3074, 0.2652]"
DRSL1_10,airplane_0036.jpg,"['A fighter jet flying in the sky with a bird in the background.', 'A large propeller plane with a bunch of propellers.', 'A bunch of bananas hanging from a rope.']","[1, 0.2321, 0.1111]"
DRSL1_10,airplane_0037.jpg,"['A small plane sitting on top of a runway.', 'A fighter jet with a man on it flying in the air.', 'A group of military personnel standing in front of a large jet.', 'A group of people standing around a large herd of cows.']","[1, 0.1942, 0.3064, 0.1961]"
DRSL1_10,airplane_0044.jpg,"['A large jet airliner flying in the sky.', 'A large passenger train is parked on the tracks.', 'A train is pulling into a station with people walking around.']","[1, 0.3468, 0.1075]"
DRSL1_10,airplane_0045.jpg,"['A large jet airliner with a large propeller plane.', 'A red truck parked in front of a building.']","[1, 0.15]"
DRSL1_10,airplane_0046.jpg,"['A large passenger jet sitting on top of a runway.', 'A small boat is floating in the water.']","[1, 0.0926]"
DRSL1_10,airplane_0047.jpg,"['A small plane sitting on top of a runway.', 'A red and white fire engine with a red and white propeller.', 'A red fire truck with a red painted handle.']","[1, 0.1456, 0.15]"
DRSL1_10,airplane_0050.jpg,['A bird that is flying in the air.'],[1]
DRSL1_10,airplane_0051.jpg,"['A large passenger jet sitting on top of a tarmac.', 'A couple of birds standing on top of a sandy beach.']","[1, 0.5068]"
DRSL1_10,airplane_0052.jpg,"['A large passenger jet sitting on top of a tarmac.', 'A small plane sitting on top of a dirt road.', 'A bird that is sitting on a sidewalk.']","[1, 0.6113, 0.3444]"
DRSL1_10,airplane_0058.jpg,"['A large jetliner sitting on top of a runway.', 'A bird flying over a bridge in a city.']","[1, 0.15]"
DRSL1_10,airplane_0059.jpg,"['A large passenger jet sitting on top of a runway.', 'A large jet airliner with a large propeller plane.', 'A person holding a surfboard in a room.']","[1, 0.2294, 0.1389]"
DRSL1_10,airplane_0064.jpg,"['A large passenger jet sitting on top of a runway.', 'A sign that says ""Stop the Frisbee"" on a street.']","[1, 0.1786]"
DRSL1_10,airplane_0066.jpg,"['A large passenger jet sitting on top of a runway.', 'A large boat is in the water near a building.']","[1, 0.2869]"
DRSL1_10,airplane_0067.jpg,"['A large passenger jet sitting on top of a runway.', 'A red fire hydrant with a sign on it.']","[1, 0.1835]"
DRSL1_10,airplane_0071.jpg,"['A small plane sitting on top of a runway.', 'A black and white photo of a truck with a dog on the back.']","[1, 0.2381]"
DRSL1_10,airplane_0072.jpg,"['A large jetliner sitting on top of a runway.', 'A plane that is sitting on top of a runway.', 'A man is riding a skateboard down a street.']","[1, 0.7859, 0.2]"
DRSL1_10,airplane_0073.jpg,"['A large jetliner with a large number of people on it.', 'A fire hydrant is in the middle of a street.']","[1, 0.1681]"
DRSL1_10,airplane_0078.jpg,"['A large passenger jet sitting on top of a runway.', 'A small child sitting on a boat in a harbor.']","[1, 0.3382]"
DRSL1_10,airplane_0085.jpg,"['A large passenger jet sitting on top of a runway.', 'A kite is flying in the air near a building.']","[1, 0.1364]"
DRSL1_10,airplane_0086.jpg,"['A large jet airliner sitting on top of a runway.', 'A sign that says ""don\'t drink the water"" on a street.']","[1, 0.1754]"
DRSL1_10,airplane_0087.jpg,"['A large passenger jet sitting on top of a tarmac.', 'A small boat sitting on top of a wooden table.']","[1, 0.6113]"
DRSL1_10,airplane_0090.jpg,"['A large jet airliner sitting on top of a runway.', 'A sign that says ""don\'t drink the water"" on a sidewalk.']","[1, 0.1754]"
DRSL1_10,airplane_0092.jpg,"['A large passenger jet sitting on top of a cement floor.', 'A white and black cow standing on top of a dirt road.']","[1, 0.4649]"
DRSL1_10,airplane_0093.jpg,"['A large jetliner sitting on top of a runway.', 'A man is standing next to a truck with a sign on it.']","[1, 0.1923]"
DRSL1_10,airplane_0098.jpg,"['A large passenger jet sitting on top of a runway.', 'A dog is walking across a street in a city.']","[1, 0.1364]"
DRSL1_10,airplane_0099.jpg,"['A large jetliner sitting on top of a runway.', 'A dog is sitting in a hangar of a plane.', 'A dog is standing in a room with a lot of furniture.']","[1, 0.3683, 0.1942]"
DRSL1_10,airplane_0004.jpg,"['A small plane is parked in a field.', 'A large jet airliner flying in the sky.', 'A bird flying over a building with a clock.']","[1, 0.1667, 0.1648]"
DRSL1_10,airplane_0005.jpg,"['A plane that is sitting on top of a runway.', 'A small plane flying in the air near a lake.', 'A small white and black airplane flying in the water.', 'A small bird is swimming in the water.']","[1, 0.1818, 0.0909, 0.1389]"
DRSL1_10,airplane_0010.jpg,"['A large passenger jet flying in the sky.', 'A man standing on top of an airplane.', 'A man holding a umbrella standing in front of a building.']","[1, 0.1111, 0.1613]"
DRSL1_10,airplane_0011.jpg,"['A large jetliner with people standing around it.', 'A man standing next to a train on a track.']","[1, 0.163]"
DRSL1_10,airplane_0018.jpg,"['A large jetliner sitting on top of a runway.', 'A man standing on top of a plane with a large jet.', 'A man standing next to a plane with a bird in the air.', 'A dog is standing in front of a large bird.']","[1, 0.5558, 0.1442, 0.3683]"
DRSL1_10,airplane_0019.jpg,"['A small plane with a propeller propeller flying in the sky.', 'A red and white fire hydrant with a red and white background.']","[1, 0.2608]"
DRSL1_10,airplane_0026.jpg,"['A large jet airliner flying in the sky.', 'A small plane with a propeller propeller on top.', 'A horse is standing in the snow with a dog.']","[1, 0.1099, 0.3431]"
DRSL1_10,airplane_0027.jpg,"['A plane that is flying in the sky.', 'A large jet airliner sitting on top of a runway.', 'A large jet airliner with a propeller propeller.', 'A bathroom with a toilet and a sink.']","[1, 0.1087, 0.1111, 0.1111]"
DRSL1_10,airplane_0032.jpg,['A bird flying through the air on a sunny day.'],[1]
DRSL1_10,airplane_0033.jpg,"['A large jet airliner with a man standing on it.', 'A group of motorcycles parked in a lot.']","[1, 0.1389]"
DRSL1_10,airplane_0042.jpg,"['A large red and white plane with a flag on it.', 'A large jet airliner with a propeller propeller.', 'A small boat with a propeller on top of it.', 'A bathroom with a sink, toilet and a bathtub.']","[1, 0.3812, 0.4295, 0.2101]"
DRSL1_10,airplane_0053.jpg,"['A large passenger jet sitting on top of a runway.', 'A truck with a large cargo truck on the ground.']","[1, 0.2273]"
DRSL1_10,airplane_0057.jpg,"['A large passenger jet sitting on top of a runway.', 'A sign that says ""Stop the Frisbee"" on a street.']","[1, 0.1786]"
DRSL1_10,airplane_0060.jpg,"['A fighter jet flying in the sky with a sky background.', 'A small plane with a propeller propeller on top.', 'A large air plane with a propeller on top.', 'A large metal pole with a rope hanging from it.']","[1, 0.2675, 0.2675, 0.2652]"
DRSL1_10,airplane_0061.jpg,"['A fighter jet flying in the sky with a propeller propeller.', 'A black and white photo of a black and white photo of a black and white photo of a']","[1, 0.0787]"
DRSL1_10,airplane_0065.jpg,"['A large passenger jet sitting on top of a runway.', 'A bird flying in the air near a building.']","[1, 0.1376]"
DRSL1_10,airplane_0068.jpg,"['A large jet airliner sitting on top of a runway.', 'A plane that is sitting on the ground.', 'A bench with a sign on it on a street.']","[1, 0.2922, 0.1818]"
DRSL1_10,airplane_0070.jpg,"['A large passenger jet sitting on top of a runway.', 'A street sign with a bird on it.']","[1, 0.1852]"
DRSL1_10,airplane_0074.jpg,"['A plane flying in the sky with a bird flying in the background.', 'A large jetliner flying in the sky.', 'A large passenger jet sitting on top of a runway.', 'A large passenger jet sitting on top of a runway.', 'A train is pulling into a station with a sign on the side.']","[1, 0.3814, 0.1095, 0.1095, 0.2657]"
DRSL1_10,airplane_0075.jpg,"['A large passenger jet sitting on top of a runway.', 'A street sign that is hanging from a pole.']","[1, 0.1376]"
DRSL1_10,airplane_0079.jpg,"['A large jet airliner sitting on top of a runway.', 'A dog is walking across a street in the rain.']","[1, 0.1364]"
DRSL1_10,airplane_0080.jpg,"['A small plane flying in the air near a building.', 'A large jet airliner sitting on top of a dirt road.', 'A bench sitting on top of a dirt road.']","[1, 0.1351, 0.1376]"
DRSL1_10,airplane_0081.jpg,"['A large jetliner sitting on top of a runway.', 'A truck is parked in front of a building.']","[1, 0.3156]"
DRSL1_10,airplane_0084.jpg,"['A large passenger jet sitting on top of a runway.', 'A man is standing next to a truck with a sign on it.']","[1, 0.177]"
DRSL1_10,airplane_0089.jpg,"['A large passenger jet sitting on top of a runway.', 'A truck with a large truck in the middle of the road.']","[1, 0.2232]"
DRSL1_10,airplane_0091.jpg,"['A small plane with a large propeller plane on top.', 'A cat sitting on top of a bus.']","[1, 0.3444]"
DRSL1_10,airplane_0095.jpg,"['A large jetliner sitting on top of a runway.', ""A bird with a bird's head on a wall.""]","[1, 0.198]"
DRSL1_10,airplane_0006.jpg,"['A large jet airliner flying in the sky.', 'A man is standing on a plane with a large jet.', 'A woman standing next to a train with a suitcase.']","[1, 0.4032, 0.1087]"
DRSL1_10,airplane_0007.jpg,"['A large plane is flying over a large building.', 'A group of people sitting on top of a bench.']","[1, 0.1485]"
DRSL1_10,airplane_0012.jpg,"['A small plane flying in the air with a propeller.', 'A large jetliner flying in the sky.', 'A large passenger jet sitting on top of a runway.', 'A street sign that is hanging from a pole.']","[1, 0.4168, 0.1364, 0.1376]"
DRSL1_10,airplane_0013.jpg,"['A large passenger jet sitting on top of a runway.', 'A plane that is flying in the air.', 'A person flying a kite in the air.']","[1, 0.0926, 0.1389]"
DRSL1_10,airplane_0024.jpg,"['A large jet airliner with a propeller propeller.', 'A large truck with a large red and white truck.']","[1, 0.4043]"
DRSL1_10,airplane_0025.jpg,"['A fighter jet flying in the sky with a sky background.', 'A small propeller airplane with a propeller propeller propeller.', 'A small plane sitting on top of a dirt road.', 'A fire hydrant with a fire hydrant on top of it.']","[1, 0.2675, 0.1261, 0.263]"
DRSL1_10,airplane_0030.jpg,"['A plane that is sitting on top of a runway.', 'A man riding a horse on a bridge.']","[1, 0.2315]"
DRSL1_10,airplane_0031.jpg,"['A large jet airliner flying in the air.', 'A truck with a lot of luggage on top of it.']","[1, 0.1075]"
DRSL1_10,airplane_0038.jpg,['A man is flying a kite in a field.'],[1]
DRSL1_10,airplane_0039.jpg,"['A large jet airliner with a propeller propeller plane on top.', 'A man standing next to a plane with a large bird.', 'A woman standing next to a train with a dog.']","[1, 0.3553, 0.2652]"
DRSL1_10,airplane_0040.jpg,"['A large propeller airplane with a propeller propeller propeller.', 'A train is pulling into a station with people.']","[1, 0.2]"
DRSL1_10,airplane_0041.jpg,"['A large jet airliner flying in the air near a building.', 'A horse drawn carriage with a large sign on it.']","[1, 0.1681]"
DRSL1_10,airplane_0043.jpg,"['A large propeller plane with a propeller propeller propeller.', 'A large red and white kite with a person on it.']","[1, 0.4373]"
DRSL1_10,airplane_0048.jpg,"['A small plane sitting on top of a runway.', 'A large red and white fire truck with a large red and white bird.']","[1, 0.1429]"
DRSL1_10,airplane_0049.jpg,"['A small plane is flying in the air near a building.', 'A red and white passenger jet on a street.', 'A train traveling down a track next to a mountain.']","[1, 0.1271, 0.1261]"
DRSL1_10,airplane_0054.jpg,"['A plane that is flying in the sky.', 'A man standing on top of a plane with a large jet.', 'A man standing on top of a tarmac with a suitcase.']","[1, 0.1596, 0.1075]"
DRSL1_10,airplane_0055.jpg,"['A large jet airliner flying in the sky.', 'A plane that is sitting on top of a runway.', 'A dog is standing in a room with a door.']","[1, 0.1087, 0.163]"
DRSL1_10,airplane_0056.jpg,"['A large passenger jet sitting on top of a runway.', 'A small plane flying in the air near a building.', 'A bird flying in the air near a body of water.']","[1, 0.1364, 0.1802]"
DRSL1_10,airplane_0062.jpg,"['A large passenger jet sitting on top of a tarmac.', 'A white and black bird standing in a cage.']","[1, 0.1376]"
DRSL1_10,airplane_0063.jpg,"['A fighter jet flying in the sky with a person in the background.', 'A small toy is sitting on top of a table.']","[1, 0.1095]"
DRSL1_10,airplane_0069.jpg,"['A large passenger jet sitting on top of a runway.', 'A person is flying a kite in the air.']","[1, 0.1376]"
DRSL1_10,airplane_0076.jpg,"['A large passenger jet sitting on top of a runway.', 'A plane that is flying in the air.', 'A man is standing in the street with a fire hydrant.']","[1, 0.0926, 0.1351]"
DRSL1_10,airplane_0077.jpg,"['A large jetliner sitting on top of a runway.', 'A boat is in the water with a man on it.']","[1, 0.1961]"
DRSL1_10,airplane_0082.jpg,"['A large jetliner sitting on top of a runway.', 'A small plane with a man on it.', 'A truck with a dog and a dog in the back.']","[1, 0.202, 0.1471]"
DRSL1_10,airplane_0083.jpg,"['A large jet airliner sitting on top of a runway.', 'A truck with a dog on the back of it.']","[1, 0.2273]"
DRSL1_10,airplane_0088.jpg,"['A large jet airliner flying in the sky.', 'A large passenger jet flying in the sky.', 'A train traveling down a track next to a building.']","[1, 0.8655, 0.1087]"
DRSL1_10,airplane_0094.jpg,"['A large passenger jet sitting on top of a runway.', 'A dog is standing in a cage with a dog.']","[1, 0.1364]"
DRSL1_10,airplane_0096.jpg,"['A large passenger jet sitting on top of a runway.', 'A cow is standing in a fenced in area.']","[1, 0.1376]"
DRSL1_10,airplane_0097.jpg,"['A large jetliner sitting on top of a runway.', 'A kite is flying in the air near a building.']","[1, 0.1485]"
